epoch,g_loss,d_loss
1,-4.484003,-0.240895
2,-0.812146,-0.024094
3,-2.924323,-0.000739
4,-2.341793,0.000350
5,-1.153718,0.000272
6,-0.280867,0.000052
7,-0.034586,0.000113
8,-0.042508,0.000129
9,-0.036682,0.000081
10,-0.020789,0.000071
1,-4.490187,-0.241048
2,-0.565237,-0.021043
3,-3.011661,0.000436
4,-2.167342,0.000576
5,-0.868194,0.000189
6,-0.218414,0.000028
7,-0.035873,0.000048
8,-0.037634,0.000088
9,-0.019627,0.000086
10,-0.018559,0.000066
11,-0.011991,0.000071
12,-0.006817,0.000047
13,-0.006794,0.000057
14,-0.018343,0.000129
15,-0.015281,0.000123
16,-0.028398,0.000094
17,-0.041625,0.000208
18,-0.031491,0.000190
19,-0.031283,0.000221
20,-0.011347,0.000156
21,-0.014602,0.000227
22,-0.011199,0.000137
23,-0.013275,0.000109
24,-0.025781,0.000240
25,-0.014751,0.000146
26,-0.020437,0.000221
27,-0.016715,0.000285
28,-0.021559,0.000260
29,-0.034441,0.000086
30,-0.039851,0.000504
31,-0.017300,0.000365
32,-0.025550,0.000319
33,-0.007482,0.000251
34,-0.031138,0.000270
35,-0.026853,0.000193
36,-0.043196,0.000299
37,-0.011480,0.000264
38,-0.017547,0.000320
39,-0.003762,0.000293
40,-0.014467,0.000294
41,-0.009400,0.000262
42,-0.012831,0.000228
43,-0.008872,0.000130
44,-0.015035,0.000397
45,-0.017808,0.000311
46,-0.033834,0.000265
47,-0.012144,0.000302
48,-0.012775,0.000188
49,-0.036279,0.000389
50,-0.019859,0.000319
51,-0.041618,0.000301
52,-0.029614,0.000291
53,-0.038009,0.000476
54,-0.045695,0.000281
55,-0.024517,0.000218
56,-0.041381,0.000348
57,-0.033452,0.000469
58,-0.043756,0.000428
59,-0.044918,0.000462
60,-0.034536,0.000262
61,-0.026216,0.000696
62,-0.059297,0.000233
63,-0.038360,0.000343
64,-0.053116,0.000027
65,-0.066293,0.000677
66,-0.063650,0.000501
67,-0.025200,0.000458
68,-0.019828,0.000569
69,-0.019024,0.000531
70,-0.054670,0.000306
71,-0.040904,0.000270
72,-0.023232,0.000625
73,-0.054102,0.000546
74,-0.025476,0.000423
75,-0.017454,0.000416
1,-13.484032,-2.883666
2,-13.969313,0.011073
3,-13.436789,0.008887
4,-13.179708,0.007928
5,-13.009480,0.007528
6,-12.768272,0.006770
7,-12.761979,0.006662
8,-12.792681,0.006444
9,-12.586127,0.006384
10,-12.419581,0.005599
11,-12.240427,0.005686
12,-12.269806,0.005876
13,-12.240379,0.006166
14,-12.017940,0.006398
15,-12.016858,0.004915
16,-11.772938,0.005485
17,-11.652599,0.005535
18,-11.808714,0.006022
19,-11.704277,0.005746
20,-11.703106,0.005034
21,-11.503542,0.006384
22,-11.392191,0.005223
23,-11.565599,0.005161
24,-11.968727,0.005932
25,-11.686905,0.005685
26,-11.608015,0.005098
27,-11.504369,0.005218
28,-11.880279,0.005541
29,-11.875163,0.006041
30,-11.606793,0.007147
31,-11.805299,0.004005
32,-11.923730,0.005366
33,-11.566370,0.006251
34,-12.087693,0.009008
35,-12.083257,0.008729
36,-12.091608,0.006871
37,-11.797548,0.005711
38,-11.711164,0.005580
39,-12.005533,0.006855
40,-11.873820,0.006294
41,-11.466855,0.005479
42,-11.111430,0.007140
43,-11.073250,0.006518
44,-10.961665,0.005193
45,-11.220309,0.006722
46,-11.003552,0.006891
47,-11.250925,0.006915
48,-11.262508,0.006155
49,-11.214814,0.006072
50,-10.934034,0.005325
51,-11.087030,0.004754
52,-10.839746,0.006021
53,-10.654122,0.005164
54,-10.579121,0.005016
55,-10.243657,0.005688
56,-10.189947,0.006372
57,-10.419057,0.005416
58,-10.845395,0.006970
59,-10.414712,0.006218
60,-10.059778,0.007628
61,-10.593095,0.004775
62,-10.290931,0.007296
63,-10.176984,0.009153
64,-9.812293,0.003956
65,-10.174200,0.005950
66,-9.870211,0.007150
67,-10.223263,0.006804
68,-11.874494,0.009902
69,-12.037169,0.009090
70,-12.016389,0.009293
71,-10.940256,0.006177
72,-11.426937,0.007935
73,-11.203434,0.006488
74,-11.419477,0.006494
75,-11.235112,0.006495
1,-12.507254,-2.134422
2,-2.553086,-5.464476
3,-1.703820,-8.283881
4,1.184358,-8.897593
5,0.211113,-8.688896
6,-0.606450,-8.391831
7,-0.772798,-7.362979
8,-0.729425,-7.257491
9,-1.107417,-6.825829
10,-1.160468,-6.493791
11,-0.972856,-6.728832
12,-0.523152,-6.668782
13,-0.287492,-6.293708
14,-0.489613,-6.391611
15,-0.068714,-6.636102
16,0.024132,-6.033748
17,-0.587173,-5.749502
18,0.065112,-6.340206
19,0.353122,-6.369955
20,1.516631,-6.791954
21,1.005121,-6.503246
22,1.008078,-6.315289
23,1.816610,-6.956423
24,2.354027,-6.736982
25,1.357099,-6.403695
26,0.668237,-6.343774
27,1.167989,-6.595355
28,0.708043,-6.639734
29,0.981195,-6.474552
30,0.424120,-6.409798
31,0.639866,-6.350507
32,1.086112,-6.422725
33,-0.062751,-6.102630
34,0.672773,-6.346583
35,0.216082,-6.393335
36,0.579522,-6.386390
37,0.013078,-5.764208
38,-0.282208,-5.549720
39,-0.882171,-5.625189
40,-0.391311,-5.958786
41,-1.271392,-5.531981
42,-1.213332,-5.563631
43,-0.856405,-5.690752
44,-0.871707,-5.605236
45,-1.579326,-5.257020
46,-1.693939,-5.391131
47,-1.748901,-5.357070
48,-1.481697,-5.391374
49,-1.202070,-5.518000
50,-0.806094,-5.676493
51,-1.259689,-5.067195
52,-2.022786,-4.905101
53,-1.801466,-4.880227
54,-1.461637,-4.969843
55,-0.649636,-5.215066
56,-1.419229,-5.180199
57,-1.792353,-5.299246
58,-2.261478,-5.114808
59,-1.917368,-5.081878
60,-2.484267,-4.675690
61,-2.126859,-4.926966
62,-2.163883,-4.666707
63,-2.262048,-4.858297
64,-1.903672,-4.792496
65,-1.818868,-4.692542
66,-2.637000,-4.496687
67,-2.087864,-4.834558
68,-2.693388,-4.685128
69,-2.469047,-4.416765
70,-3.003911,-4.719002
71,-2.068931,-5.139101
72,-2.471706,-4.820601
73,-2.946648,-4.568403
74,-2.940865,-4.521947
75,-2.971551,-4.586270
1,-6.290596,0.511993
2,-2.273321,-7.517463
3,-1.752912,-9.986990
4,1.789356,-10.072174
5,0.867011,-8.900528
6,0.815721,-7.725334
7,1.044189,-7.327195
8,1.102037,-6.771963
9,1.380961,-6.607661
10,1.769388,-6.850321
11,0.847036,-6.197829
12,1.446933,-6.537096
13,1.542678,-6.388381
14,1.560224,-5.984997
15,1.071872,-5.863807
16,1.248137,-5.923047
17,1.765181,-5.916650
18,1.658231,-5.833303
19,1.398987,-5.798221
20,1.485051,-5.750928
21,2.184794,-5.756150
22,1.792179,-6.054345
23,2.461171,-6.151732
24,1.708264,-6.116307
25,2.126355,-6.123691
26,1.301262,-5.491563
27,1.510972,-5.483329
28,1.122525,-5.399084
29,1.977015,-5.734070
30,1.389664,-5.555829
31,1.384443,-5.824460
32,1.090190,-5.409067
33,0.457678,-5.505112
34,1.808601,-5.671997
35,0.900338,-5.333156
36,0.775337,-5.170390
37,0.299061,-5.061787
38,0.044721,-4.911632
39,0.978143,-5.118664
40,0.698511,-5.361263
41,0.832630,-4.999030
42,0.537955,-5.092499
43,0.935625,-5.250453
44,0.252840,-4.819014
45,0.191819,-4.775122
46,0.240593,-4.744316
47,0.511902,-5.016418
48,0.814521,-5.043547
49,0.280318,-4.914550
50,0.348986,-4.971091
51,-0.546615,-4.702742
52,-0.521049,-4.623060
53,-0.158903,-4.590036
54,-0.328709,-4.183129
55,-0.159042,-4.324981
56,-0.134745,-4.555568
57,-0.591660,-4.506293
58,-0.792423,-4.144432
59,-0.765692,-4.061369
60,-1.024682,-4.251782
61,-1.717295,-4.159185
62,-1.028651,-4.046694
63,-1.681458,-3.937452
64,-1.684510,-3.811202
65,-1.880531,-3.839960
66,-2.116509,-3.864591
67,-1.370214,-3.996092
68,-1.868498,-4.074046
69,-1.588089,-3.853785
70,-2.079054,-3.692946
71,-2.317195,-3.563912
72,-1.951323,-3.681865
73,-1.705437,-3.845957
74,-1.884683,-3.531187
75,-1.552639,-3.655177
1,-6.929828,0.452772
2,-3.370697,-6.301036
3,-1.482612,-10.259512
4,1.333794,-10.016590
5,0.708539,-8.871269
6,0.495510,-7.533323
7,0.734237,-7.142977
8,0.380256,-6.655554
9,0.247640,-6.645554
10,0.951122,-6.534351
11,1.063603,-6.484107
12,0.862057,-6.640338
13,1.385652,-7.092976
14,1.075119,-6.771068
15,1.831664,-6.964967
16,0.249323,-6.251629
17,1.300114,-6.204506
18,0.558044,-5.980518
19,1.025521,-5.935059
20,0.937318,-6.156620
21,0.473250,-6.051480
22,-0.094768,-5.633175
23,1.028320,-6.136985
24,0.712054,-5.988064
25,0.676377,-5.518312
26,0.118227,-5.778955
27,0.576564,-5.899021
28,1.472215,-6.121050
29,0.621075,-5.708003
30,-0.148049,-5.640333
31,0.187909,-5.539192
32,0.293729,-5.558378
33,-0.055077,-5.599647
34,-0.121522,-5.380951
35,-0.435106,-5.108366
36,-1.071034,-4.808587
37,-1.053620,-5.031354
38,-0.563791,-4.892726
39,-0.922669,-4.860953
40,-0.720116,-4.796320
41,-0.535552,-5.295268
42,-0.750239,-5.069447
43,-1.007283,-4.847092
44,-2.196938,-4.560927
45,-2.039707,-4.473394
46,-2.329604,-4.668039
47,-2.721660,-4.352538
48,-2.893946,-4.307581
49,-2.264665,-4.516131
50,-2.661399,-4.200208
51,-2.926894,-4.147153
52,-3.445510,-4.049608
53,-3.464131,-3.839024
54,-3.334172,-3.995598
55,-2.875462,-3.809812
56,-2.908086,-4.152182
57,-2.672556,-3.858351
58,-2.366493,-4.144627
59,-3.696045,-3.570616
60,-3.821345,-3.571104
61,-3.657276,-3.706982
62,-3.820726,-3.701011
63,-3.687928,-3.624603
64,-3.523247,-3.553664
65,-3.939457,-3.611770
66,-3.866057,-3.650016
67,-3.749588,-3.565294
68,-4.232999,-3.602524
69,-3.870142,-3.905148
70,-3.408964,-3.699852
71,-3.401276,-3.627036
72,-2.859890,-3.616435
73,-3.098056,-3.618769
74,-3.572329,-3.388496
75,-3.253569,-3.549014
1,-13.824356,-1.004196
2,-3.686975,-3.637758
3,-2.420015,-8.267546
4,3.448615,-9.908941
5,6.113165,-10.989388
6,1.785232,-10.487667
7,-0.173263,-10.273750
8,-0.681058,-10.124819
9,-1.295278,-10.201277
10,-0.420939,-10.537230
11,0.249425,-10.994374
12,0.304220,-11.137680
13,0.893109,-11.421189
14,1.030755,-11.845191
15,1.072464,-11.893961
16,0.932414,-11.938117
17,0.573273,-12.027508
18,0.569710,-12.171714
1,-6.753289,0.667609
2,-3.395199,-4.882098
3,-1.315735,-9.789378
4,0.741374,-9.745038
5,2.332411,-9.595863
6,0.168214,-8.212275
7,-1.131733,-7.341297
8,-1.427256,-6.803176
9,0.011671,-6.982353
10,-0.642706,-6.676609
11,-0.144450,-6.527463
12,1.337978,-6.893852
13,1.342085,-6.581618
14,1.075325,-6.300144
15,1.202408,-6.508346
16,1.882262,-6.910752
17,2.579407,-7.265850
18,1.506115,-6.380368
19,2.197385,-6.559320
20,2.125029,-6.425541
21,1.584224,-6.418291
22,1.715885,-6.285174
23,1.065971,-6.715480
24,1.323615,-6.777736
25,0.807026,-6.505339
26,0.632880,-6.161392
27,1.147484,-6.236113
28,0.692317,-5.632985
29,0.413944,-5.602010
30,0.833902,-6.019925
31,0.309355,-5.589613
32,-0.805840,-5.368121
33,0.079654,-5.916523
34,0.650008,-5.675225
35,-0.133358,-5.371707
36,-0.827169,-5.033971
37,-0.530006,-5.070321
38,-0.823443,-4.816795
39,-1.459645,-4.515539
40,-0.993899,-4.864490
41,-0.874568,-5.149957
42,-0.121080,-5.434169
43,-0.320704,-5.253521
44,-1.058127,-4.941500
45,-0.832978,-5.015723
46,-0.966297,-4.818266
47,-0.992589,-4.694704
48,-1.289521,-4.488112
49,-2.172273,-4.480979
50,-1.833193,-4.202306
51,-1.192022,-4.532013
52,-1.343809,-4.262500
53,-1.060307,-4.150478
54,-1.373718,-4.263089
55,-1.102606,-4.397042
56,-1.103900,-4.260540
57,-2.253706,-4.071576
58,-2.026491,-4.015698
59,-2.394318,-3.840770
60,-2.323152,-3.913302
61,-1.853785,-3.822464
62,-1.889443,-4.106558
63,-2.309315,-3.721115
64,-1.493958,-4.031273
65,-1.814385,-3.891960
66,-1.818263,-3.833217
67,-1.946998,-3.858210
68,-1.462098,-3.825377
69,-1.729676,-3.732587
70,-2.534141,-3.487604
71,-2.090643,-3.629067
72,-2.664287,-3.362520
73,-3.047083,-3.467564
74,-2.102858,-3.523780
75,-2.197163,-3.659658
1,-9.115495,0.053913
2,-3.565890,-7.363317
3,-1.622391,-10.357209
4,0.795603,-10.182992
5,1.805396,-9.458575
6,0.873417,-7.697846
7,0.468463,-7.223225
8,1.311670,-7.051321
9,2.354183,-7.359321
10,1.565138,-6.891911
11,2.039506,-6.749474
12,2.054113,-6.608125
13,1.221424,-6.577211
14,2.163305,-6.458900
15,2.265055,-6.415599
16,2.591567,-6.479951
17,2.785832,-6.585721
18,1.959634,-6.526917
19,2.755919,-6.788558
20,1.495907,-6.124693
21,1.027374,-5.916887
22,1.739816,-6.144122
23,1.594598,-5.571296
24,0.819467,-5.408465
25,0.707816,-5.224230
26,0.469587,-5.126784
27,1.262163,-5.022650
28,0.079846,-4.856464
29,0.096037,-4.944366
30,-0.027371,-4.933733
31,0.094155,-4.668072
32,-0.203087,-4.561123
33,-0.397610,-4.450581
34,0.149456,-4.584485
35,-0.251812,-4.416482
36,-1.337809,-4.163812
37,-0.854864,-4.243957
38,-0.779716,-4.538422
39,-0.866537,-4.394253
40,-1.183981,-4.095410
41,-0.919807,-4.223798
42,-1.068662,-3.992425
43,-1.151413,-4.028910
44,-1.050258,-4.055116
45,-2.071645,-3.835653
46,-1.348104,-3.908170
47,-1.650892,-3.927117
48,-1.006566,-4.066296
49,-1.637550,-3.571552
50,-1.795564,-3.608324
51,-1.288674,-3.744088
52,-1.303882,-3.651760
53,-1.683960,-3.632229
54,-1.571104,-3.507632
55,-1.401722,-3.614704
56,-1.636717,-3.556989
57,-1.177073,-3.505479
58,-2.127458,-3.505676
59,-1.160834,-3.602569
60,-1.897385,-3.635639
61,-1.837048,-3.529924
62,-1.273546,-3.427616
63,-1.586865,-3.515007
64,-1.497706,-3.344880
65,-1.917019,-3.376223
66,-2.132573,-3.488783
67,-1.665532,-3.410256
68,-2.365836,-3.400912
69,-1.716210,-3.148887
70,-1.662295,-3.409374
71,-1.925366,-3.314547
72,-1.916187,-3.168338
73,-1.577455,-3.196978
74,-2.303475,-3.165258
75,-1.784741,-3.179900
76,-2.183029,-3.224631
77,-1.906809,-3.326762
78,-2.337962,-3.214842
79,-1.384422,-3.178171
80,-1.860057,-3.206717
81,-1.986327,-3.101800
82,-2.141219,-3.182577
83,-2.193905,-3.077224
84,-2.457972,-2.964463
85,-1.528338,-2.956038
86,-1.490941,-2.931832
87,-2.116525,-2.938076
88,-2.145105,-2.867111
89,-2.698122,-3.105318
90,-1.842771,-2.924355
91,-2.345656,-2.723722
92,-2.546646,-2.895818
93,-2.423557,-2.987005
94,-2.772962,-2.920122
95,-2.708280,-2.861700
96,-2.574882,-2.809660
97,-2.068695,-2.956218
98,-2.510626,-2.795977
99,-2.804163,-2.774947
100,-3.006609,-2.869186
101,-2.949887,-2.875714
102,-2.834893,-2.755732
103,-2.198593,-2.685929
104,-2.311646,-2.707053
105,-2.603676,-2.562677
106,-2.671900,-2.650415
107,-2.760419,-2.713354
108,-2.198166,-2.785499
109,-1.586058,-2.750422
110,-1.613430,-2.726788
111,-1.623785,-2.598471
112,-1.919695,-2.585958
113,-1.833422,-2.664469
114,-1.455601,-2.664868
115,-1.340897,-2.753270
116,-1.472165,-2.708714
117,-1.061875,-2.644098
118,-0.868884,-2.809048
119,-0.658956,-2.799237
120,-1.306327,-2.711345
121,-0.311465,-2.673361
122,-0.551958,-2.844510
123,-0.628386,-2.868468
124,-0.112710,-2.861371
125,0.046927,-2.698623
126,-0.188435,-2.751327
127,0.473239,-2.911770
128,-0.004013,-2.822294
129,-0.258344,-2.624224
130,0.050192,-2.669124
131,-0.041657,-2.794493
132,-0.032666,-2.682691
133,0.312846,-2.944706
134,0.460199,-2.697089
135,0.857083,-2.701990
136,0.512985,-2.792136
137,0.179945,-2.757875
138,0.812544,-2.735970
139,0.955729,-2.802817
140,1.208371,-2.707976
141,1.562595,-2.860736
142,0.611659,-2.811705
143,1.307207,-3.000193
144,1.386805,-2.850084
145,1.413954,-2.738672
146,0.978405,-2.870959
147,1.765913,-2.937172
148,1.087960,-2.921271
149,1.613166,-3.017678
150,1.400367,-2.964949
1,-9.821231,-0.810308
2,-2.069715,-8.814506
3,-1.208170,-10.446144
4,1.618168,-10.341407
5,1.585494,-9.347092
6,0.158158,-7.695488
7,-0.355095,-6.897725
8,0.713274,-6.745126
9,1.279825,-6.890522
10,1.235828,-6.949073
11,1.464317,-6.302191
12,0.878528,-6.151633
13,1.501292,-6.460641
14,1.855532,-6.413384
15,0.895918,-5.811701
16,1.412180,-6.012963
17,0.632494,-5.577079
18,0.234917,-5.416519
19,-0.547528,-4.907872
20,0.519535,-5.312677
21,0.278069,-4.981134
22,-0.282713,-5.040301
23,-0.066589,-5.207540
24,0.311564,-5.320391
25,0.193491,-5.156528
26,-0.456657,-4.749886
27,0.368019,-4.791097
28,-0.368297,-5.043006
29,0.414678,-5.278958
30,0.521547,-4.844191
31,0.265125,-4.879192
32,0.535196,-4.904107
33,-0.178490,-4.640811
34,0.347864,-5.064431
35,0.224225,-4.890425
36,1.028570,-4.921835
37,0.778396,-4.909263
38,-0.121136,-4.734938
39,0.172335,-4.830880
40,0.678822,-5.006102
41,0.049910,-4.980699
42,-0.282942,-4.802536
43,0.466160,-4.765141
44,0.550220,-5.058286
45,0.787481,-4.985466
46,0.708630,-4.915619
47,0.242045,-4.627688
48,0.827831,-4.682340
49,0.751128,-4.681585
50,0.758860,-4.549078
51,0.812135,-4.646609
52,1.288598,-4.959445
53,0.920943,-4.914896
54,0.583838,-4.779427
55,0.155046,-4.527588
56,0.152643,-4.459253
57,0.738433,-4.665461
58,0.815238,-4.745462
59,0.572899,-4.624067
60,0.621294,-4.493127
61,0.490092,-4.564823
62,-0.194262,-4.520342
63,0.008583,-4.366426
64,0.117725,-4.498043
65,0.174539,-4.457810
66,-0.148690,-4.088172
67,0.234417,-4.293773
68,0.131644,-4.228265
69,0.196893,-4.046174
70,-0.085766,-4.248598
71,-0.081116,-3.978925
72,0.353444,-4.385935
73,-0.158762,-4.175668
74,-0.603855,-4.256501
75,0.164838,-4.185940
76,-0.185309,-3.927834
77,-0.074772,-4.056422
78,-0.242333,-3.969476
79,-0.236960,-3.830473
80,-0.147378,-3.922452
81,-0.538741,-4.081116
82,-0.344187,-3.980881
83,-0.381534,-3.784597
84,-0.801700,-3.718196
85,-0.297278,-3.751495
86,0.036637,-3.729265
87,0.013452,-3.908334
88,-0.341567,-3.816656
89,-0.374421,-3.703397
90,0.144274,-3.743389
91,-0.019558,-3.823128
92,-0.530791,-3.711427
93,-0.525951,-3.725079
94,-0.299776,-3.661676
95,0.037277,-3.860033
96,-0.263694,-3.627717
97,-0.225594,-3.733474
98,0.067965,-3.526827
99,0.305451,-3.746351
100,-0.664810,-3.564940
101,0.054915,-3.694687
102,-0.286338,-3.412597
103,-0.450801,-3.357053
104,0.382387,-3.368729
105,0.054448,-3.313484
106,-0.228188,-3.228364
107,-0.025731,-3.205623
108,-0.435848,-3.234162
109,-0.242182,-3.292611
110,0.180585,-3.291576
111,0.308700,-3.313570
112,0.380687,-3.181293
113,0.105406,-3.256062
114,0.347508,-3.183964
115,-0.186757,-3.254299
116,0.167177,-3.308680
117,-0.066563,-3.225989
118,0.128317,-3.203766
119,0.040621,-3.146627
120,0.022943,-3.074040
121,0.106879,-3.110932
122,0.100215,-3.112627
123,-0.120248,-3.110091
124,-0.012659,-3.119359
125,-0.022724,-3.084716
126,0.195860,-2.960784
127,0.101002,-3.018975
128,-0.358549,-3.035185
129,-0.172349,-2.959082
130,0.278276,-3.030530
131,0.156482,-3.072778
132,0.354501,-2.871219
133,0.586470,-2.984906
134,-0.216389,-3.009561
135,0.603963,-2.888628
136,0.520197,-2.866367
137,0.249826,-2.906278
138,0.303514,-2.920467
139,0.261864,-2.893717
140,0.545801,-2.822682
141,0.142744,-2.915912
142,0.631655,-2.966584
143,0.890018,-2.861499
144,0.199737,-2.797146
145,0.343401,-2.844787
146,0.364145,-2.812589
147,0.844365,-2.800243
148,-0.272791,-2.732835
149,-0.497262,-2.791673
150,0.325056,-2.823655
151,-0.387846,-2.724420
152,-0.362412,-2.708665
153,0.107914,-2.817933
154,0.124879,-2.748972
155,0.379447,-2.682696
156,-0.308030,-2.675044
157,0.144060,-2.707469
158,0.374516,-2.725009
159,-0.027403,-2.723086
160,0.578771,-2.856144
161,0.280516,-2.840890
162,0.342047,-2.598179
163,0.440453,-2.603833
164,0.443078,-2.745738
165,0.863074,-2.609179
166,0.632371,-2.660475
167,0.759901,-2.709180
168,0.802117,-2.707938
169,0.876383,-2.725824
170,0.778686,-2.748264
171,0.993573,-2.799309
172,0.345330,-2.639094
173,0.538868,-2.706935
174,0.843901,-2.727556
175,0.734302,-2.722772
176,0.850318,-2.730877
177,0.691326,-2.683631
178,0.714911,-2.719317
179,0.779514,-2.728923
180,1.128218,-2.656987
181,0.693058,-2.772228
182,0.689379,-2.626334
183,0.895605,-2.689064
184,0.745141,-2.747022
185,0.714186,-2.643007
186,0.783240,-2.670265
187,1.046725,-2.746129
188,1.188930,-2.605173
189,1.334163,-2.772080
190,0.637064,-2.734331
191,0.874042,-2.719928
192,0.969846,-2.714293
193,1.281229,-2.707652
194,1.049704,-2.656553
195,0.958662,-2.757215
196,1.399675,-2.710594
197,1.256024,-2.771449
198,0.621257,-2.685081
199,1.215910,-2.636381
200,0.941921,-2.507107
201,1.181919,-2.614618
202,0.894129,-2.713222
203,0.938075,-2.672691
204,1.080680,-2.639152
205,1.385521,-2.774552
206,1.373872,-2.626940
207,1.039855,-2.703630
208,1.385668,-2.693598
209,1.162144,-2.701029
210,1.206530,-2.728750
211,0.911636,-2.634067
212,0.594860,-2.713350
213,1.146371,-2.720453
214,1.259577,-2.666657
215,0.698988,-2.606186
216,1.066331,-2.575594
217,0.525991,-2.671668
218,0.560315,-2.546461
219,1.017614,-2.598501
220,0.706009,-2.607188
221,0.959868,-2.635775
222,0.593049,-2.646178
223,1.108653,-2.571394
224,0.517738,-2.586636
225,0.198017,-2.491684
226,0.624980,-2.482373
227,0.647310,-2.551957
228,0.103392,-2.435794
229,0.549895,-2.467961
230,0.690646,-2.494119
231,0.583079,-2.479197
232,0.275485,-2.440172
233,0.693510,-2.501214
234,0.676641,-2.507572
235,0.747254,-2.477070
236,0.787787,-2.518124
237,0.536003,-2.579512
238,0.652085,-2.593205
239,0.071449,-2.498940
240,1.032471,-2.537991
241,0.876670,-2.545636
242,0.753574,-2.412575
243,0.621946,-2.406089
244,0.447045,-2.461503
245,0.388204,-2.457654
246,0.537592,-2.446479
247,0.782143,-2.388746
248,0.460381,-2.426898
249,0.514843,-2.419791
250,0.821347,-2.396343
251,0.751786,-2.406524
252,0.818945,-2.473254
253,0.433306,-2.422659
254,0.939952,-2.423387
255,1.210111,-2.443448
256,0.993760,-2.501074
257,0.890646,-2.453526
258,0.820050,-2.427264
259,0.645212,-2.435693
260,1.198390,-2.483379
261,0.749948,-2.541980
262,0.770512,-2.435024
263,0.950144,-2.513228
264,0.697693,-2.371354
265,0.720733,-2.338152
266,0.101116,-2.394068
267,0.518904,-2.395803
268,0.542603,-2.338307
269,0.538562,-2.324758
270,0.987886,-2.435446
271,0.653174,-2.374087
272,0.650410,-2.374909
273,0.643859,-2.360375
274,0.968256,-2.434688
275,0.874362,-2.444855
276,0.690709,-2.359955
277,0.496905,-2.407205
278,0.639292,-2.430181
279,0.661824,-2.335780
280,1.065925,-2.371719
281,0.836045,-2.442891
282,0.606350,-2.418847
283,0.405594,-2.357379
284,0.993369,-2.397586
285,1.200909,-2.430823
286,1.292896,-2.375781
287,0.344520,-2.411604
288,0.593739,-2.342469
289,0.793735,-2.446860
290,0.398492,-2.428542
291,0.617799,-2.436045
292,0.756491,-2.406776
293,0.831149,-2.477074
294,0.908664,-2.413665
295,0.904023,-2.503797
296,0.250913,-2.411807
297,-0.053681,-2.324335
298,0.232257,-2.350419
299,0.297714,-2.434043
300,0.153370,-2.384399
301,0.833305,-2.429882
302,0.517184,-2.391958
303,0.455978,-2.445542
304,0.666955,-2.445771
305,0.178531,-2.390950
306,0.572490,-2.480027
307,0.301595,-2.414618
308,0.545155,-2.384228
309,0.484228,-2.336680
310,0.121054,-2.398147
311,0.674044,-2.433904
312,0.554957,-2.400786
313,0.643966,-2.343172
314,0.439149,-2.247556
315,-0.144370,-2.305878
316,0.112934,-2.282714
317,0.416041,-2.291030
318,0.145266,-2.256633
319,0.418630,-2.233668
320,0.278098,-2.252108
321,0.651364,-2.299960
322,0.505945,-2.324873
323,0.340914,-2.265716
324,0.465609,-2.237125
325,-0.052038,-2.216394
326,0.333551,-2.239891
327,0.631836,-2.226665
328,0.372771,-2.213926
329,-0.068797,-2.163537
330,-0.117877,-2.183716
331,-0.141361,-2.207712
332,0.672807,-2.251997
333,0.354116,-2.226631
334,0.169644,-2.247024
335,0.352462,-2.214405
336,0.406299,-2.209042
337,0.059762,-2.158161
338,0.278801,-2.210160
339,0.195001,-2.126958
340,-0.200037,-2.190562
341,0.144116,-2.126383
342,-0.417153,-2.079542
343,0.224910,-2.020626
344,-0.087155,-2.069963
345,0.277181,-2.103148
346,-0.294728,-2.082896
347,0.077247,-2.010439
348,0.138587,-2.082908
349,0.171651,-2.086588
350,0.086652,-2.073522
351,0.002278,-2.062800
352,0.338190,-2.149052
353,0.783629,-2.052600
354,0.418045,-2.096946
355,0.564681,-2.089142
356,-0.360144,-1.989634
357,-0.244504,-1.983338
358,-0.516204,-2.037599
359,0.017866,-2.037632
360,-0.290757,-2.020290
361,0.212827,-1.981764
362,-0.482885,-1.998013
363,-0.302035,-1.961568
364,-0.126310,-1.979604
365,-0.425885,-1.988534
366,-0.071417,-1.950484
367,0.281727,-1.926442
368,-0.084341,-1.952064
369,-0.243920,-1.987211
370,0.431522,-1.957284
371,-0.233151,-2.016049
372,0.144722,-1.983593
373,-0.214964,-1.957581
374,-0.059941,-1.951606
375,-0.357780,-1.935736
1,-6.796329,0.345029
2,-2.546614,-7.330562
3,-1.482308,-10.422335
4,0.910671,-10.005483
5,0.233017,-8.944932
6,0.269488,-7.799458
7,1.179170,-7.149332
8,1.481055,-7.156526
9,2.009941,-6.827935
10,2.626093,-6.987647
11,3.077076,-7.155707
12,1.980829,-6.591450
13,1.799433,-6.936165
14,2.826297,-7.035939
15,2.798067,-7.068486
16,2.723641,-7.242844
17,2.066126,-6.906511
18,2.814141,-6.904424
19,2.227681,-6.651493
20,1.796218,-6.170779
21,2.160859,-6.321068
22,1.642283,-6.426083
23,1.896445,-6.933714
24,2.125070,-6.745719
25,3.253060,-7.180982
26,2.928825,-6.537859
27,1.005652,-5.645075
28,1.727606,-5.735014
29,2.322740,-5.862179
30,1.537143,-5.984267
31,1.501067,-5.852077
32,1.625428,-5.965972
33,1.364182,-5.906734
34,1.930847,-6.303864
35,1.552624,-5.581084
36,1.062991,-5.954533
37,1.267327,-5.806888
38,0.736027,-5.723415
39,0.239398,-5.805828
40,-0.401389,-5.719630
41,-0.597040,-5.633365
42,-0.486173,-5.725390
43,0.381844,-5.734637
44,1.289615,-5.914568
45,-0.127972,-5.552272
46,0.539478,-5.846912
47,-0.026747,-5.328870
48,0.480833,-5.362162
49,0.486830,-5.618571
50,0.132666,-5.732969
51,0.298247,-5.441439
52,-0.248956,-5.236277
53,-0.624506,-4.992129
54,-0.425365,-4.947825
55,-1.151012,-4.961526
56,-0.488464,-5.270462
57,0.645737,-5.652807
58,-0.543000,-5.045056
59,-1.134051,-4.924439
60,-1.643021,-4.471336
61,-1.611911,-4.694884
62,-0.564460,-5.035248
63,0.904252,-5.114855
64,1.019422,-4.929479
65,0.681950,-4.767584
66,1.373289,-5.261507
67,1.596332,-5.101992
68,1.583982,-5.142838
69,1.560146,-4.941557
70,2.463895,-5.464332
71,2.330395,-5.229504
72,2.573833,-5.342896
73,2.759758,-5.396217
74,2.671919,-5.295133
75,2.389393,-5.169883
76,2.446409,-4.943362
77,2.247628,-4.790034
78,2.393350,-4.840510
79,2.333835,-4.858454
80,2.566510,-4.631723
81,3.047918,-4.879590
82,3.167778,-5.122552
83,3.310191,-5.139005
84,3.770673,-5.083559
85,3.014579,-5.007416
86,2.561204,-4.781486
87,2.801508,-4.772807
88,3.290540,-5.016486
89,2.959113,-4.748073
90,3.015728,-4.711785
91,2.719219,-4.756302
92,2.691305,-4.703022
93,3.256253,-4.694605
94,3.065264,-4.638437
95,3.059281,-4.611885
96,3.166991,-4.662439
97,3.260983,-4.676665
98,3.005673,-4.715845
99,2.879422,-4.531982
100,2.963784,-4.559051
101,2.899716,-4.517035
102,2.365994,-4.222661
103,2.458142,-4.489504
104,2.900503,-4.396957
105,2.363423,-4.235371
106,2.598559,-4.128254
107,2.514221,-4.120120
108,2.628388,-4.174268
109,2.454530,-4.155748
110,2.242292,-4.008438
111,2.130563,-4.123251
112,2.361419,-4.104798
113,2.196392,-3.954219
114,2.066408,-3.932537
115,2.260518,-3.955746
116,2.561141,-4.094702
117,2.444987,-4.081449
118,2.089928,-3.857409
119,2.108823,-3.994234
120,2.327115,-3.978960
121,2.242649,-3.896960
122,1.930249,-3.832738
123,1.785639,-3.832760
124,2.200354,-3.821160
125,1.816381,-3.757499
126,1.938495,-3.612805
127,1.874653,-3.663382
128,1.917694,-3.607203
129,1.972112,-3.494696
130,2.009225,-3.543536
131,2.676820,-3.548706
132,2.185697,-3.571426
133,2.059701,-3.458256
134,2.195439,-3.454877
135,2.149094,-3.503702
136,2.293311,-3.493604
137,2.395010,-3.581075
138,2.230554,-3.438508
139,2.060508,-3.483857
140,2.248830,-3.475848
141,2.579613,-3.558188
142,2.483017,-3.643480
143,2.419662,-3.509256
144,2.471788,-3.450623
145,2.058906,-3.349679
146,2.292580,-3.351359
147,2.747091,-3.509996
148,2.212457,-3.381600
149,2.355052,-3.467425
150,2.415106,-3.353639
151,2.199352,-3.401332
152,2.477356,-3.393741
153,2.533090,-3.354717
154,2.629536,-3.414979
155,2.685759,-3.378268
156,2.713224,-3.397906
157,2.566860,-3.309568
158,2.244432,-3.326101
159,2.348212,-3.354969
160,2.822549,-3.290549
161,2.644646,-3.257847
162,2.108936,-3.269981
163,2.566350,-3.291935
164,2.365473,-3.333184
165,1.924905,-3.125455
166,2.357647,-3.175903
167,2.445146,-3.160772
168,2.447878,-3.257934
169,2.300380,-3.221305
170,2.365622,-3.232528
171,2.505236,-3.222602
172,2.206066,-3.134794
173,2.433935,-3.112134
174,1.915825,-3.094623
175,2.330786,-3.050159
176,2.554420,-3.055783
177,2.436118,-3.043928
178,2.632627,-3.047821
179,2.493870,-3.007684
180,2.508765,-3.016325
181,2.604624,-3.067764
182,2.342171,-3.041292
183,1.872393,-3.001387
184,2.214577,-3.014490
185,1.873531,-2.913369
186,1.902853,-2.892182
187,2.576655,-2.941623
188,2.150100,-2.880214
189,2.175764,-2.823585
190,1.997644,-2.876450
191,2.149053,-2.950033
192,1.930163,-2.882133
193,2.206433,-2.814052
194,2.115858,-2.806891
195,2.243126,-2.855978
196,2.361270,-2.804907
197,2.096863,-2.845785
198,2.139979,-2.729515
199,1.827140,-2.770493
200,2.011685,-2.716986
201,1.552396,-2.746477
202,1.480494,-2.758884
203,1.801105,-2.766961
204,1.945303,-2.760225
205,2.140058,-2.698189
206,1.912751,-2.749111
207,1.786863,-2.784674
208,2.005825,-2.723753
209,1.675141,-2.695569
210,2.041567,-2.715313
211,1.986174,-2.655916
212,1.679816,-2.560261
213,1.556634,-2.570723
214,1.875307,-2.558839
215,1.605611,-2.552069
216,1.600025,-2.572059
217,1.651278,-2.520650
218,1.698389,-2.566187
219,1.362813,-2.519309
220,1.448765,-2.585762
221,1.669052,-2.563611
222,1.469672,-2.526823
223,1.466657,-2.580574
224,1.567175,-2.513196
225,1.539468,-2.548029
226,1.354579,-2.552842
227,1.608991,-2.508052
228,1.682298,-2.509612
229,1.215011,-2.498462
230,1.491609,-2.496529
231,1.454868,-2.476415
232,1.671791,-2.477878
233,1.555280,-2.445767
234,1.637216,-2.452769
235,1.338390,-2.462186
236,1.716197,-2.422091
237,1.361412,-2.481607
238,1.261386,-2.433585
239,1.109349,-2.460051
240,1.330331,-2.455014
241,1.390222,-2.457060
242,1.425033,-2.432606
243,1.356443,-2.404616
244,1.630487,-2.348388
245,1.446721,-2.378519
246,1.597872,-2.365123
247,1.330282,-2.382567
248,1.121166,-2.351589
249,0.825299,-2.314018
250,0.856997,-2.333262
251,1.138079,-2.323390
252,1.152532,-2.268601
253,0.865130,-2.233462
254,1.197747,-2.281305
255,0.900311,-2.279747
256,0.637469,-2.264846
257,0.741227,-2.245077
258,0.904060,-2.270976
259,0.992931,-2.229753
260,0.973439,-2.263088
261,0.882005,-2.247595
262,0.759182,-2.271508
263,0.662965,-2.224587
264,0.699548,-2.185879
265,0.855243,-2.169780
266,0.543002,-2.165801
267,0.565287,-2.161900
268,0.534526,-2.160880
269,0.235126,-2.180075
270,0.545309,-2.149508
271,0.670406,-2.172108
272,0.519749,-2.127145
273,0.836494,-2.109121
274,0.645490,-2.089598
275,0.568262,-2.130104
276,0.788313,-2.143740
277,0.686391,-2.096531
278,0.301374,-2.059968
279,0.325472,-2.091126
280,0.218546,-2.097278
281,0.067376,-2.064704
282,0.345576,-2.084037
283,0.263867,-2.039480
284,0.052253,-2.025059
285,0.360633,-2.036137
286,0.479510,-2.085195
287,0.470503,-2.023789
288,0.716946,-2.051598
289,0.513873,-2.033605
290,0.102571,-2.021599
291,0.191321,-2.028138
292,0.245695,-1.986211
293,0.017808,-1.998593
294,0.182747,-2.033780
295,-0.138728,-1.989997
296,-0.070460,-1.990633
297,-0.083507,-2.016266
298,0.157420,-2.018897
299,0.477657,-2.023929
300,0.202561,-2.016943
301,0.097346,-1.986223
302,0.312534,-1.985631
303,0.151329,-1.992990
304,-0.019554,-1.978797
305,0.040871,-1.954545
306,-0.074373,-1.950558
307,0.209675,-1.959631
308,0.295062,-1.960162
309,0.145256,-1.930554
310,0.092573,-1.943315
311,0.272295,-1.922101
312,0.256831,-1.920200
313,-0.036650,-1.915210
314,0.226821,-1.913654
315,-0.100983,-1.888296
316,-0.156491,-1.861761
317,0.053298,-1.886015
318,-0.333315,-1.873301
319,-0.003332,-1.878793
320,0.017061,-1.854522
321,-0.067481,-1.895619
322,-0.009784,-1.891588
323,0.093640,-1.869955
324,-0.003604,-1.870218
325,0.098213,-1.839043
326,0.127087,-1.845774
327,-0.305452,-1.849442
328,-0.194292,-1.836655
329,-0.300643,-1.860711
330,-0.153237,-1.793469
331,-0.109863,-1.795532
332,-0.231882,-1.765384
333,-0.141378,-1.761710
334,-0.244646,-1.782456
335,-0.088420,-1.800796
336,-0.221866,-1.768056
337,-0.100346,-1.769408
338,-0.237467,-1.745737
339,-0.236136,-1.786923
340,-0.494157,-1.756224
341,-0.122551,-1.752138
342,-0.247917,-1.741747
343,-0.683458,-1.753821
344,-0.293127,-1.731817
345,-0.030317,-1.734626
346,-0.204036,-1.730774
347,-0.615169,-1.708191
348,-0.317639,-1.701346
349,-0.484270,-1.682275
350,-0.368356,-1.664373
351,-0.406904,-1.690262
352,-0.426492,-1.694459
353,-0.058941,-1.671393
354,0.080311,-1.692432
355,-0.179367,-1.685245
356,-0.333908,-1.683226
357,-0.676077,-1.648799
358,-0.428526,-1.629739
359,-0.138796,-1.636709
360,-0.353954,-1.610236
361,-0.634518,-1.610422
362,-0.406995,-1.632297
363,-0.320994,-1.614616
364,-0.191722,-1.591815
365,-0.455072,-1.606433
366,-0.358315,-1.592412
367,-0.480093,-1.605150
368,-0.552231,-1.576469
369,-0.389468,-1.567031
370,-0.557480,-1.550923
371,-0.288177,-1.573118
372,-0.446302,-1.573035
373,-0.478106,-1.558864
374,-0.491021,-1.557730
375,-0.768882,-1.527596
1,-9.828343,-2.239564
2,-1.207730,-9.777541
3,-1.365392,-9.754615
4,3.651202,-10.453624
5,3.856302,-9.359842
6,0.902733,-7.326104
7,0.374209,-6.972170
8,0.748251,-6.506372
9,2.106933,-6.989230
10,2.187874,-6.499381
11,2.898013,-6.811454
12,2.957962,-6.708252
13,2.941243,-7.009322
14,3.113844,-6.895904
15,1.910065,-6.212245
16,3.493445,-6.760871
17,2.416473,-6.657373
18,1.875290,-6.243968
19,1.617016,-6.485785
20,1.704685,-6.715950
21,2.942770,-6.865793
22,1.058469,-5.894608
23,2.059859,-6.000049
24,2.269589,-6.660121
25,2.000764,-6.405621
26,2.362471,-6.177988
27,1.891730,-6.476638
28,2.246942,-6.597745
29,1.730963,-5.719008
30,0.593236,-5.488964
31,2.567883,-5.690374
32,0.357621,-4.856120
33,0.542483,-4.939637
34,0.161050,-5.164605
35,0.967881,-5.381227
36,1.107413,-4.941110
37,0.084791,-4.953214
38,-0.344177,-4.739353
39,-0.099522,-5.126535
40,-1.098909,-4.923022
41,-0.334645,-5.061834
42,-0.844357,-4.788207
43,-1.158372,-4.804664
44,-0.463892,-5.090033
45,-0.929355,-4.737457
46,-1.291570,-4.806241
47,-1.561352,-4.591906
48,-1.249343,-5.118786
49,-1.253533,-5.039658
50,-1.394823,-4.638268
51,-0.725802,-4.738836
52,-0.950330,-4.565752
53,-0.844609,-4.831057
54,-0.799926,-4.803081
55,-1.204633,-4.497558
56,-1.141000,-4.406911
57,-1.390466,-4.282147
58,-0.915493,-4.493913
59,-1.178078,-4.403190
60,-1.432828,-4.370957
61,-0.490576,-4.806759
62,-0.577303,-4.802384
63,-0.324195,-4.743667
64,-0.684152,-4.648688
65,-0.165091,-4.409246
66,-1.061406,-4.254550
67,-0.636093,-4.412176
68,-0.601367,-4.402033
69,-1.532228,-4.186193
70,-0.866111,-4.324849
71,-0.797402,-4.214206
72,-1.360654,-4.103676
73,-1.149773,-3.950423
74,-1.044662,-4.130924
75,-1.108257,-3.809620
76,-2.159278,-3.901102
77,-1.320196,-3.957500
78,-0.827666,-4.130887
79,-1.187396,-4.274098
80,-0.276758,-4.540970
81,-1.135971,-4.347092
82,-1.178245,-4.055905
83,-1.187552,-3.871729
84,-1.038094,-4.126497
85,-1.551682,-3.835922
86,-1.663298,-3.954929
87,-1.831843,-3.994278
88,-1.312925,-3.998803
89,-1.687547,-3.966396
90,-0.544229,-4.177673
91,-0.732004,-4.248105
92,-1.339860,-3.927192
93,-0.583886,-4.102692
94,-1.009330,-3.834228
95,-0.865434,-3.712513
96,-1.076379,-3.909802
97,-0.818606,-3.764371
98,0.011376,-4.000856
99,-0.680751,-3.912760
100,-0.170450,-3.885037
101,-0.039730,-3.916167
102,-0.200951,-3.830088
103,-0.443294,-3.702602
104,-0.544366,-3.612517
105,-1.484262,-3.355220
106,-1.655313,-3.482937
107,-1.170037,-3.420427
108,-0.739484,-3.635418
109,-0.662049,-3.392752
110,-1.145531,-3.525113
111,-1.343445,-3.430040
112,-0.802496,-3.497610
113,-0.315892,-3.636665
114,-1.211684,-3.372433
115,-1.162270,-3.438803
116,-1.071070,-3.420416
117,-1.058681,-3.517132
118,-0.596700,-3.510160
119,-0.474592,-3.654857
120,-0.572022,-3.322568
121,-0.587239,-3.450239
122,-0.502685,-3.381701
123,-0.401020,-3.444387
124,-0.629635,-3.496720
125,-0.522587,-3.440803
126,-0.575863,-3.590661
127,0.131178,-3.309203
128,0.244437,-3.482795
129,0.097786,-3.538839
130,0.005667,-3.591911
131,-0.110905,-3.356143
132,-0.119119,-3.248380
133,0.175101,-3.408041
134,0.244418,-3.402929
135,0.701805,-3.418335
136,0.488471,-3.485840
137,0.343797,-3.367546
138,0.933302,-3.413910
139,0.922609,-3.426158
140,0.786615,-3.360927
141,0.773382,-3.372856
142,0.926207,-3.270899
143,1.058331,-3.355032
144,0.795858,-3.380023
145,1.377762,-3.300699
146,1.132719,-3.411726
147,1.132860,-3.352418
148,1.672480,-3.458610
149,1.268106,-3.381343
150,1.627412,-3.365943
151,1.648234,-3.403351
152,1.787876,-3.342805
153,1.589759,-3.318521
154,1.178679,-3.283182
155,1.517861,-3.400552
156,1.448563,-3.213521
157,1.456546,-3.192345
158,1.798254,-3.363518
159,1.949765,-3.376989
160,1.295414,-3.219542
161,1.498776,-3.240045
162,1.547312,-3.354730
163,1.333222,-3.295558
164,2.135810,-3.354988
165,1.609375,-3.278746
166,2.219461,-3.334325
167,1.830055,-3.263229
168,2.107808,-3.203717
169,1.615469,-3.294185
170,1.847489,-3.274348
171,2.043060,-3.297211
172,1.904591,-3.157154
173,2.134838,-3.243655
174,2.185117,-3.248258
175,2.411033,-3.289522
176,1.907479,-3.274214
177,1.570208,-3.172897
178,2.053619,-3.248624
179,1.728426,-3.222506
180,1.752644,-3.123223
181,1.861569,-3.186323
182,1.858870,-3.202429
183,2.153707,-3.252168
184,2.130889,-3.186528
185,1.978424,-3.190994
186,1.953195,-3.213003
187,1.929905,-3.264110
188,2.253337,-3.226618
189,2.078822,-3.223115
190,2.323279,-3.223089
191,2.017412,-3.285168
192,2.533688,-3.215624
193,2.403425,-3.185043
194,2.179302,-3.185640
195,2.402172,-3.213632
196,2.245327,-3.216842
197,2.331166,-3.191526
198,2.629035,-3.198655
199,2.286235,-3.186563
200,2.366529,-3.188558
201,2.107798,-3.145894
202,2.352001,-3.048269
203,2.648213,-3.142771
204,2.234359,-3.067032
205,2.224012,-2.978720
206,2.463202,-3.010041
207,2.336493,-3.017819
208,2.496115,-2.980265
209,2.552793,-2.962657
210,2.510409,-2.972987
211,2.454383,-3.039516
212,2.108798,-2.981078
213,2.617910,-3.015530
214,2.411715,-2.955424
215,2.121946,-2.929449
216,2.719838,-2.984224
217,2.343980,-2.956712
218,2.419670,-2.906789
219,2.482180,-2.877072
220,2.323914,-2.919599
221,2.351194,-2.896958
222,2.184981,-2.858411
223,2.499053,-2.831367
224,2.431761,-2.837730
225,2.391595,-2.869182
226,2.586053,-2.912724
227,2.549864,-2.822831
228,2.735467,-2.783093
229,2.498463,-2.782914
230,2.581058,-2.818912
231,2.670852,-2.787958
232,2.577348,-2.794774
233,2.460539,-2.726332
234,2.333575,-2.728494
235,2.390904,-2.687421
236,2.270772,-2.714970
237,2.500386,-2.666597
238,2.444236,-2.675273
239,2.396520,-2.694274
240,2.617757,-2.720266
241,2.613937,-2.679157
242,2.632558,-2.673129
243,2.316611,-2.589230
244,2.198750,-2.570462
245,2.441398,-2.579098
246,2.480254,-2.578163
247,2.393334,-2.536608
248,2.308115,-2.544598
249,2.390763,-2.524557
250,2.370147,-2.545753
251,2.579073,-2.582926
252,2.354155,-2.549908
253,2.240701,-2.527669
254,2.382140,-2.538025
255,2.479413,-2.584104
256,2.251876,-2.473153
257,2.703430,-2.506589
258,2.725514,-2.513133
259,2.479731,-2.506485
260,2.742763,-2.524887
261,2.638186,-2.485397
262,2.632856,-2.477050
263,2.720393,-2.464112
264,2.677372,-2.443397
265,2.703623,-2.457678
266,2.474925,-2.466837
267,2.876948,-2.455466
268,2.249299,-2.460607
269,2.205142,-2.456501
270,2.382903,-2.425315
271,2.673141,-2.438980
272,2.381762,-2.421598
273,2.537331,-2.423627
274,2.563888,-2.403970
275,2.040066,-2.374826
276,2.025609,-2.390746
277,2.260043,-2.360849
278,2.309092,-2.351831
279,2.254726,-2.340780
280,2.400520,-2.350200
281,2.298623,-2.335390
282,2.211386,-2.341904
283,2.075491,-2.361826
284,2.362814,-2.319632
285,1.937995,-2.307913
286,2.193833,-2.325276
287,2.512955,-2.322221
288,2.240904,-2.339848
289,2.355322,-2.329660
290,2.576032,-2.315489
291,2.186274,-2.315444
292,2.263439,-2.284705
293,2.204752,-2.270802
294,2.140404,-2.282143
295,2.160718,-2.259714
296,2.191671,-2.235041
297,2.367180,-2.284977
298,2.279674,-2.280464
299,2.402773,-2.223149
300,2.331012,-2.272286
301,2.332003,-2.225409
302,2.071061,-2.199600
303,2.246582,-2.222404
304,2.359887,-2.206511
305,2.219802,-2.131523
306,1.688718,-2.121915
307,2.097738,-2.167567
308,2.112123,-2.207117
309,1.917208,-2.197930
310,2.271890,-2.159830
311,2.116828,-2.178888
312,1.724841,-2.181105
313,1.906347,-2.149835
314,2.138767,-2.120126
315,2.043099,-2.101114
316,2.054366,-2.100310
317,2.061093,-2.097474
318,1.899022,-2.079666
319,2.368523,-2.117126
320,2.349739,-2.125715
321,2.055171,-2.136253
322,1.951341,-2.100980
323,1.977098,-2.127974
324,1.908687,-2.088013
325,1.977106,-2.055914
326,2.207502,-2.089682
327,1.977521,-2.062053
328,1.934307,-2.101758
329,1.975802,-2.051617
330,1.912193,-2.056609
331,1.930585,-2.064070
332,2.240244,-2.060265
333,2.093055,-2.087498
334,2.221856,-2.068901
335,2.290407,-2.045576
336,2.015461,-2.044419
337,1.913888,-2.005474
338,2.057463,-1.984103
339,2.055112,-2.019179
340,1.906897,-2.042846
341,1.738849,-2.034518
342,1.787563,-2.017824
343,1.961370,-2.029372
344,1.995966,-1.973828
345,2.012391,-1.977600
346,2.029496,-2.000444
347,2.010811,-1.968706
348,1.854682,-1.964889
349,2.155564,-1.941177
350,2.341787,-1.964186
351,1.892396,-1.933609
352,2.162650,-1.922708
353,1.995016,-1.940462
354,2.053833,-1.940423
355,2.191217,-1.932872
356,2.347324,-1.924002
357,2.218270,-1.937681
358,2.207399,-1.923769
359,2.042346,-1.940872
360,2.319315,-1.920603
361,2.156251,-1.920227
362,2.131753,-1.934047
363,2.036522,-1.864342
364,2.358489,-1.884568
365,2.105852,-1.899939
366,1.962132,-1.899718
367,1.859196,-1.919839
368,2.180660,-1.881366
369,1.876246,-1.854588
370,2.488817,-1.905792
371,1.822323,-1.902067
372,1.924557,-1.839211
373,1.987458,-1.828051
374,2.173833,-1.844337
375,2.019378,-1.840749
376,2.134450,-1.844070
377,2.191147,-1.813224
378,2.143801,-1.804083
379,2.271227,-1.822216
380,1.930319,-1.811884
381,2.042681,-1.819985
382,2.088374,-1.795869
383,1.997117,-1.820173
384,2.145686,-1.787171
385,2.318091,-1.816982
386,2.297584,-1.810435
387,2.381112,-1.840916
388,2.131429,-1.776407
389,2.337973,-1.808631
390,2.195421,-1.802261
391,2.204479,-1.787132
392,2.250330,-1.814166
393,2.291919,-1.788600
394,2.458224,-1.797121
395,2.383907,-1.777828
396,2.206418,-1.784890
397,2.238721,-1.752577
398,2.004316,-1.747686
399,2.168418,-1.757740
400,1.998021,-1.722039
401,2.102125,-1.725216
402,1.938876,-1.733382
403,2.013967,-1.738344
404,1.851725,-1.706860
405,2.126709,-1.703128
406,2.111029,-1.713742
407,2.387375,-1.697207
408,1.896297,-1.689593
409,2.114365,-1.699554
410,2.359649,-1.713433
411,2.166203,-1.699805
412,2.272449,-1.719019
413,2.203005,-1.706144
414,2.078547,-1.688135
415,2.298160,-1.699110
416,2.196337,-1.715189
417,1.924947,-1.687337
418,2.161444,-1.700578
419,1.949252,-1.700126
420,2.392769,-1.653310
421,2.227258,-1.611064
422,2.204196,-1.651270
423,2.328922,-1.637947
424,2.271459,-1.654203
425,1.838656,-1.626730
426,2.244180,-1.626543
427,2.120377,-1.622088
428,2.137927,-1.624478
429,2.352342,-1.665494
430,2.238587,-1.616581
431,2.395685,-1.597352
432,2.301361,-1.611821
433,2.320548,-1.620247
434,2.187077,-1.630428
435,2.305861,-1.609902
436,2.251271,-1.616020
437,2.181698,-1.606392
438,2.361466,-1.594533
439,2.292316,-1.611895
440,2.161008,-1.587860
441,2.646396,-1.593148
442,2.227755,-1.572495
443,2.268292,-1.571448
444,2.392688,-1.563839
445,2.463408,-1.560645
446,2.711910,-1.561620
447,2.262224,-1.585287
448,2.415254,-1.546033
449,2.629715,-1.558797
450,2.425256,-1.585499
451,2.390811,-1.595140
452,2.318372,-1.552345
453,2.254070,-1.542651
454,2.141726,-1.555569
455,2.198709,-1.537391
456,2.390491,-1.535249
457,2.359119,-1.515085
458,2.293232,-1.539143
459,2.297801,-1.561917
460,2.428994,-1.561508
461,2.148298,-1.529070
462,2.512106,-1.539416
463,2.669990,-1.517260
464,2.238361,-1.522030
465,2.730417,-1.529804
466,2.341598,-1.512259
467,2.383837,-1.492008
468,2.584807,-1.505818
469,2.697387,-1.513488
470,2.505530,-1.521983
471,2.654282,-1.516221
472,2.391617,-1.494194
473,2.462745,-1.508354
474,2.500466,-1.498474
475,2.633953,-1.504678
476,2.419055,-1.490632
477,2.702484,-1.494268
478,2.661131,-1.485073
479,2.558806,-1.492093
480,2.631376,-1.504585
481,2.590326,-1.467788
482,2.640310,-1.479557
483,2.674735,-1.462555
484,2.418413,-1.465425
485,2.579127,-1.451813
486,2.552121,-1.473396
487,2.530511,-1.464650
488,2.387185,-1.428730
489,2.566686,-1.441518
490,2.418853,-1.435946
491,2.246533,-1.465064
492,2.359879,-1.482677
493,2.455212,-1.452181
494,2.641454,-1.468041
495,2.278467,-1.425088
496,2.415205,-1.438807
497,2.422215,-1.440249
498,2.361967,-1.433900
499,2.299281,-1.410514
500,2.059744,-1.422201
1,-0.540913,-17.895531
1,-0.850533,-17.723404
2,0.424852,-16.820911
3,0.280609,-16.549972
4,0.126415,-15.886573
5,-0.182963,-15.564761
6,0.739770,-14.154917
7,1.888436,-12.026175
8,1.772046,-11.043088
9,1.581315,-9.795270
10,2.490092,-9.112622
11,2.536249,-7.986109
12,3.109808,-6.721796
13,2.634260,-6.034895
14,2.569982,-5.877407
15,2.985705,-5.746401
16,2.628769,-5.694815
17,2.657568,-5.466777
18,2.789624,-4.958467
19,3.605061,-5.648533
20,3.809662,-5.756646
21,3.783966,-5.698528
22,4.193884,-5.644685
23,4.663035,-5.453303
24,4.666017,-5.411199
25,4.668181,-5.199620
26,4.769809,-5.260262
27,4.491659,-5.087143
28,3.893818,-4.878233
29,3.759185,-4.665420
30,3.718040,-4.395528
31,3.688585,-4.622457
32,3.399231,-4.485677
33,2.960680,-4.180008
34,3.463748,-4.251039
35,3.058321,-4.189048
36,3.019740,-4.068208
37,2.978051,-3.956294
38,2.682064,-3.713986
39,3.107023,-3.884646
40,2.744342,-4.007608
41,3.081129,-3.784440
42,3.379386,-3.681076
43,3.082331,-3.560570
44,3.263104,-3.363464
45,3.323103,-3.328276
46,4.317706,-3.035206
47,4.104719,-3.256395
48,4.765247,-3.245090
49,4.761485,-2.839823
50,4.614816,-2.756025
51,4.698553,-2.838597
52,4.970838,-2.935033
53,5.072676,-2.846951
54,4.598686,-2.898744
55,4.547600,-2.536283
56,4.604512,-2.796251
57,4.455489,-2.797706
58,4.700290,-2.748869
59,4.531973,-2.662635
60,4.630520,-2.733979
61,4.558201,-2.720984
62,4.604232,-2.680663
63,4.233726,-2.580312
64,4.315541,-2.622654
65,3.712641,-2.651900
66,4.009495,-2.532793
67,3.760185,-2.549167
68,3.729068,-2.463482
69,3.723773,-2.377450
70,3.963089,-2.401107
71,3.743550,-2.529216
72,3.692427,-2.420327
73,3.757400,-2.273402
74,3.568785,-2.286001
75,3.587575,-2.310509
76,3.217132,-2.308040
77,3.495654,-2.191959
78,3.140101,-2.211971
79,3.333460,-2.138184
80,2.821016,-2.192689
81,2.867560,-2.075093
82,3.049599,-2.109006
83,3.178223,-2.076238
84,2.995985,-2.096187
85,2.880424,-2.033178
86,2.638342,-2.014527
87,2.796204,-2.078786
88,2.903022,-2.042567
89,2.924755,-1.984893
90,2.826271,-2.008405
91,1.992578,-2.056721
92,2.732455,-2.088504
93,2.109579,-2.009245
94,2.080483,-2.102025
95,2.226693,-2.010051
96,2.112044,-1.964990
97,2.470530,-1.992773
98,2.073403,-1.896233
99,2.073262,-1.926568
100,1.810992,-1.748260
101,1.741521,-1.838225
102,1.869951,-1.918146
103,2.337568,-1.953114
104,1.718880,-1.840052
105,2.008772,-1.827015
106,1.952392,-1.863357
107,1.678980,-1.945348
108,1.963518,-1.878605
109,1.677000,-1.904692
110,1.444067,-1.927670
111,1.547236,-1.993918
112,1.453996,-1.870620
113,1.105682,-1.906778
114,1.325083,-1.886753
115,1.633410,-1.903440
116,0.830776,-1.856369
117,0.918770,-1.891928
118,1.023680,-1.820019
119,0.655674,-1.894125
120,0.477555,-1.881101
121,0.597766,-1.837878
122,0.517346,-1.859778
123,0.406022,-1.824497
124,0.377722,-1.871568
125,0.043640,-1.801765
126,0.192784,-1.853892
127,0.169952,-1.841438
128,-0.023649,-1.813950
129,0.609943,-1.801410
130,0.436564,-1.770843
131,0.142604,-1.791572
132,0.465816,-1.838785
133,0.525687,-1.778292
134,0.325590,-1.699223
135,0.091178,-1.704664
136,0.686708,-1.816715
137,0.469875,-1.744304
138,0.194942,-1.749958
139,0.336603,-1.772814
140,0.818415,-1.848215
141,0.332721,-1.735573
142,0.619549,-1.787920
143,0.582232,-1.774928
144,0.775875,-1.727994
145,0.950972,-1.707347
146,0.799571,-1.808472
147,0.730020,-1.790538
148,0.631785,-1.722232
149,1.023666,-1.828109
150,1.293259,-1.810766
151,1.280544,-1.814736
152,1.013498,-1.809652
153,1.695567,-1.871271
154,1.380763,-1.845509
155,1.371786,-1.808190
156,1.344897,-1.809109
157,1.549844,-1.741107
158,1.793302,-1.832716
159,1.515398,-1.861234
160,1.872099,-1.858150
161,1.719159,-1.815042
162,2.075934,-1.812232
163,1.281518,-1.872895
164,1.639392,-1.873321
165,1.448478,-1.873018
166,1.338257,-1.912852
167,1.646713,-1.859867
168,1.242246,-1.927382
169,1.254664,-1.856678
170,1.206003,-1.869902
171,1.130867,-1.799716
172,1.043775,-1.781298
173,1.173985,-1.880688
174,1.224292,-1.803878
175,0.885011,-1.831460
176,1.286889,-1.839233
177,1.418933,-1.782277
178,0.792115,-1.804633
179,0.749546,-1.760928
180,1.112308,-1.862783
181,0.972896,-1.767733
182,0.514016,-1.765900
183,0.803014,-1.764443
184,0.762670,-1.800914
185,0.768704,-1.803138
186,0.612006,-1.823001
187,0.762008,-1.845984
188,0.726110,-1.763739
189,0.510811,-1.833554
190,0.621881,-1.784984
191,0.520837,-1.737523
192,0.380533,-1.804597
193,0.531007,-1.710934
194,0.712986,-1.729903
195,0.552852,-1.752901
196,0.529696,-1.743268
197,0.398255,-1.717232
198,0.539981,-1.790632
199,0.615425,-1.667863
200,0.802174,-1.756464
201,0.712282,-1.711908
202,0.612755,-1.719266
203,0.619959,-1.682558
204,0.555170,-1.669604
205,0.042844,-1.719493
206,0.709295,-1.703401
207,0.476283,-1.728825
208,0.414325,-1.654396
209,0.288070,-1.650022
210,0.614163,-1.713302
211,0.802048,-1.683896
212,0.274244,-1.651485
213,0.406300,-1.738607
214,0.258340,-1.674575
215,0.467852,-1.647753
216,0.523096,-1.717619
217,0.420539,-1.719377
218,0.520451,-1.707766
219,0.539693,-1.711020
220,-0.027957,-1.697637
221,0.235179,-1.647830
222,0.344335,-1.604032
223,0.213195,-1.618689
224,0.420633,-1.627682
225,0.400428,-1.663041
226,0.373683,-1.593568
227,0.344146,-1.639438
228,0.371604,-1.631198
229,0.363113,-1.647912
230,0.204390,-1.594346
231,0.269899,-1.639116
232,0.322771,-1.631569
233,0.469404,-1.663768
234,0.272465,-1.622814
235,0.492185,-1.611928
236,0.269018,-1.689457
237,0.226447,-1.627177
238,0.504850,-1.682987
239,0.327902,-1.632121
240,0.396145,-1.580372
241,0.722402,-1.650586
242,0.691057,-1.628972
243,0.506709,-1.646322
244,0.283540,-1.607711
245,0.239228,-1.603877
246,0.561655,-1.586483
247,0.720176,-1.546087
248,0.569691,-1.642645
249,0.699684,-1.614594
250,0.318719,-1.555503
251,0.271471,-1.627555
252,0.236075,-1.588220
253,0.285799,-1.566997
254,0.639448,-1.595590
255,0.305069,-1.662796
256,0.640658,-1.546582
257,0.613303,-1.586152
258,0.702935,-1.617974
259,0.489599,-1.581094
260,0.547564,-1.617534
261,0.581326,-1.627392
262,0.643039,-1.560995
263,0.432241,-1.596651
264,0.495664,-1.581080
265,0.414135,-1.571927
266,0.350971,-1.547443
267,0.339190,-1.613331
268,1.051482,-1.592997
269,0.350537,-1.528347
270,0.341871,-1.575234
271,0.479431,-1.585558
272,0.504383,-1.601676
273,0.333692,-1.558077
274,0.643247,-1.590685
275,0.360689,-1.610619
276,0.873791,-1.614150
277,0.703019,-1.600365
278,0.657865,-1.593634
279,0.571051,-1.604210
280,0.473137,-1.577977
281,0.765764,-1.576819
282,1.067264,-1.564220
283,1.000255,-1.601315
284,0.742577,-1.549951
285,0.638463,-1.618771
286,0.983080,-1.579647
287,0.836294,-1.556478
288,1.050819,-1.606475
289,0.880426,-1.551719
290,1.179586,-1.558852
291,0.758963,-1.577341
292,0.547621,-1.573309
293,0.990147,-1.598369
294,1.050009,-1.564715
295,0.806026,-1.545027
296,0.655786,-1.573342
297,0.684863,-1.540563
298,1.099965,-1.569846
299,1.090462,-1.587105
300,0.961311,-1.549374
301,0.925627,-1.542609
302,0.785172,-1.576095
303,1.074637,-1.532193
304,1.057184,-1.569567
305,1.174152,-1.583990
306,1.090493,-1.580058
307,0.878670,-1.547299
308,0.840300,-1.577817
309,1.192048,-1.560129
310,0.841768,-1.546080
311,1.113967,-1.527526
312,1.093734,-1.565244
313,0.961467,-1.574140
314,0.903089,-1.577963
315,1.098441,-1.561033
316,0.646368,-1.599195
317,0.965697,-1.560343
318,1.165314,-1.554327
319,0.995439,-1.580905
320,1.178312,-1.572764
321,1.244317,-1.570928
322,1.367544,-1.601237
323,0.993135,-1.561833
324,1.465828,-1.592888
325,1.109384,-1.561829
326,1.399456,-1.593507
327,0.835283,-1.556734
328,0.947333,-1.516224
329,1.380408,-1.568232
330,1.234421,-1.527954
331,1.231529,-1.492853
332,1.275958,-1.556935
333,1.504435,-1.601253
334,1.256899,-1.569195
335,1.110868,-1.562552
336,0.974782,-1.527964
337,0.998696,-1.586098
338,1.202101,-1.559019
339,1.085264,-1.573260
340,1.366948,-1.567949
341,0.865731,-1.566958
342,1.061288,-1.562708
343,1.204790,-1.576158
344,1.064279,-1.499419
345,1.240090,-1.547966
346,1.002605,-1.565935
347,1.381959,-1.553327
348,0.961412,-1.520955
349,1.338326,-1.542891
350,1.146367,-1.483338
351,0.982274,-1.533270
352,1.352777,-1.535254
353,1.081493,-1.577575
354,1.358676,-1.553800
355,1.045535,-1.548665
356,1.221042,-1.558777
357,1.082092,-1.533891
358,1.002981,-1.573268
359,1.140452,-1.582381
360,1.182909,-1.540521
361,1.182323,-1.555590
362,0.989637,-1.501213
363,1.300399,-1.582723
364,0.994395,-1.559907
365,0.859061,-1.541375
366,1.385842,-1.545109
367,1.068859,-1.552484
368,1.151121,-1.584161
369,1.034351,-1.518516
370,1.113041,-1.527730
371,0.917281,-1.608112
372,1.047752,-1.530353
373,1.358639,-1.589876
374,1.188985,-1.552916
375,1.235198,-1.566928
376,1.316914,-1.567164
377,1.425043,-1.552079
378,1.368805,-1.578078
379,0.955294,-1.545860
380,1.256968,-1.605009
381,1.109332,-1.508458
382,1.338939,-1.538365
383,1.258168,-1.585269
384,1.043601,-1.513830
385,1.129621,-1.562767
386,0.929183,-1.540884
387,0.954327,-1.539802
388,0.941458,-1.498105
389,1.298258,-1.517995
390,0.985770,-1.542039
391,1.151755,-1.547633
392,0.876139,-1.535957
393,1.067035,-1.542115
394,1.284014,-1.531888
395,0.994976,-1.558479
396,1.357605,-1.576420
397,0.850290,-1.561949
398,1.337721,-1.539498
399,1.203114,-1.512927
400,1.072681,-1.517135
401,0.968189,-1.518780
402,0.827219,-1.506863
403,1.202298,-1.544573
404,0.852173,-1.530204
405,1.024810,-1.533961
406,1.191686,-1.529350
407,0.749453,-1.476261
408,1.248069,-1.522583
409,0.645923,-1.502363
410,1.045884,-1.545614
411,1.135684,-1.512303
412,0.890813,-1.529178
413,1.079834,-1.554129
414,1.118491,-1.529817
415,0.998681,-1.568281
416,1.103257,-1.520686
417,1.104305,-1.573928
418,0.835969,-1.523747
419,1.363455,-1.528158
420,0.977609,-1.544371
421,0.876827,-1.534118
422,0.857470,-1.544683
423,1.096303,-1.489906
424,1.227329,-1.490024
425,1.182780,-1.530440
426,1.031209,-1.528022
427,1.063298,-1.536034
428,1.125344,-1.518854
429,1.139894,-1.534202
430,0.966484,-1.546942
431,1.026810,-1.561424
432,1.114522,-1.545190
433,0.989503,-1.515401
434,0.997640,-1.528556
435,1.149642,-1.567883
436,0.892070,-1.497576
437,1.062738,-1.543061
438,1.081755,-1.513578
439,1.131437,-1.521514
440,1.340004,-1.554550
441,0.754327,-1.557624
442,1.318862,-1.518550
443,1.121326,-1.566114
444,1.147585,-1.529446
445,0.881957,-1.546950
446,1.208054,-1.550510
447,1.037719,-1.512327
448,1.322394,-1.528663
449,1.363770,-1.539510
450,1.150369,-1.526733
451,0.955063,-1.556186
452,1.265346,-1.548994
453,1.321697,-1.555592
454,1.073207,-1.549815
455,1.176571,-1.554579
456,1.126433,-1.554025
457,1.115432,-1.526697
458,1.331682,-1.535027
459,1.362459,-1.489820
460,1.177817,-1.551374
461,1.212396,-1.517185
462,1.274331,-1.522182
463,1.369273,-1.541702
464,1.133621,-1.569206
465,1.013926,-1.546278
466,0.912411,-1.519579
467,1.180282,-1.520496
468,1.054550,-1.526257
469,1.240408,-1.508901
470,1.213668,-1.525810
471,1.048694,-1.535913
472,1.348135,-1.507892
473,1.153246,-1.510337
474,1.300595,-1.545260
475,1.239809,-1.532893
476,1.195042,-1.529074
477,1.217874,-1.563316
478,1.147732,-1.515830
479,1.365076,-1.520322
480,1.359010,-1.507505
481,1.177153,-1.528610
482,1.165374,-1.516613
483,1.195088,-1.525451
484,1.398232,-1.516564
485,1.089959,-1.521997
486,1.237098,-1.531321
487,1.584702,-1.590346
488,1.203524,-1.544899
489,1.273706,-1.538885
490,1.528981,-1.527882
491,1.401514,-1.503989
492,1.375253,-1.517055
493,1.478125,-1.550862
494,1.227295,-1.480053
495,1.394793,-1.500717
496,1.208034,-1.510134
497,1.260301,-1.502069
498,1.309606,-1.546285
499,1.163173,-1.534492
500,1.335657,-1.492703
